factory,location
Factory 1,City D
Factory 1,City C
Factory 1,City D
Factory 1,City C
Factory 1,City A
Factory 1,City C
Factory 1,City B
Factory 1,City B
Factory 1,City D
Factory 1,City C
Factory 1,City B
Factory 1,City D
Factory 1,City D
Factory 1,City B
Factory 1,City D
Factory 1,City B
Factory 1,City A
Factory 1,City C
Factory 1,City C
Factory 1,City D
Factory 1,City A
Factory 1,City A
Factory 1,City C
Factory 1,City C
Factory 1,City B
Factory 1,City B
Factory 1,City D
Factory 1,City E
Factory 1,City E
Factory 1,City A
Factory 1,City E
Factory 1,City E
Factory 1,City D
Factory 1,City E
Factory 1,City D
Factory 1,City C
Factory 1,City E
Factory 1,City A
Factory 1,City D
Factory 1,City C
Factory 1,City C
Factory 1,City B
Factory 1,City E
Factory 1,City A
Factory 1,City E
Factory 1,City A
Factory 1,City B
Factory 1,City E
Factory 1,City B
Factory 1,City B
Factory 1,City A
Factory 1,City E
Factory 1,City B
Factory 1,City B
Factory 1,City E
Factory 1,City B
Factory 1,City C
Factory 1,City B
Factory 1,City B
Factory 1,City A
Factory 1,City A
Factory 1,City E
Factory 1,City B
Factory 1,City D
Factory 1,City E
Factory 1,City B
Factory 1,City E
Factory 1,City D
Factory 1,City B
Factory 1,City E
Factory 1,City E
Factory 1,City E
Factory 1,City A
Factory 1,City D
Factory 1,City C
Factory 1,City E
Factory 1,City D
Factory 1,City A
Factory 1,City E
Factory 1,City A
Factory 1,City C
Factory 1,City B
Factory 1,City C
Factory 1,City B
Factory 1,City B
Factory 1,City D
Factory 1,City B
Factory 1,City D
Factory 1,City C
Factory 1,City B
Factory 1,City A
Factory 1,City A
Factory 1,City B
Factory 1,City A
Factory 1,City D
Factory 1,City B
Factory 1,City C
Factory 1,City A
Factory 1,City E
Factory 1,City D
Factory 1,City E
Factory 1,City C
Factory 1,City E
Factory 1,City C
Factory 1,City A
Factory 1,City B
Factory 1,City D
Factory 1,City B
Factory 1,City C
Factory 1,City D
Factory 1,City C
Factory 1,City D
Factory 1,City C
Factory 1,City C
Factory 1,City C
Factory 1,City B
Factory 1,City B
Factory 1,City A
Factory 1,City E
Factory 1,City C
Factory 1,City B
Factory 1,City C
Factory 1,City C
Factory 1,City B
Factory 1,City C
Factory 1,City D
Factory 1,City B
Factory 1,City D
Factory 1,City C
Factory 1,City A
Factory 1,City B
Factory 1,City E
Factory 1,City A
Factory 1,City D
Factory 1,City E
Factory 1,City B
Factory 1,City D
Factory 1,City E
Factory 1,City E
Factory 1,City B
Factory 1,City D
Factory 1,City E
Factory 1,City A
Factory 1,City C
Factory 1,City C
Factory 1,City E
Factory 1,City D
Factory 1,City E
Factory 1,City C
Factory 1,City D
Factory 1,City C
Factory 1,City D
Factory 1,City A
Factory 1,City E
Factory 1,City E
Factory 1,City A
Factory 1,City C
Factory 1,City B
Factory 1,City A
Factory 1,City B
Factory 1,City C
Factory 1,City D
Factory 1,City B
Factory 1,City D
Factory 1,City D
Factory 1,City B
Factory 1,City E
Factory 1,City A
Factory 1,City E
Factory 1,City D
Factory 1,City C
Factory 1,City A
Factory 1,City E
Factory 1,City E
Factory 1,City D
Factory 1,City B
Factory 1,City E
Factory 1,City A
Factory 1,City D
Factory 1,City D
Factory 1,City E
Factory 1,City B
Factory 1,City C
Factory 1,City A
Factory 1,City E
Factory 1,City D
Factory 1,City C
Factory 1,City D
Factory 1,City C
Factory 1,City E
Factory 1,City B
Factory 1,City E
Factory 1,City D
Factory 1,City C
Factory 1,City C
Factory 1,City E
Factory 1,City C
Factory 1,City D
Factory 1,City C
Factory 1,City B
Factory 1,City B
Factory 1,City C
Factory 1,City C
Factory 1,City E
Factory 1,City A
Factory 1,City C
Factory 1,City A
Factory 1,City A
Factory 1,City E
Factory 1,City E
Factory 1,City E
Factory 1,City A
Factory 1,City E
Factory 1,City A
Factory 1,City A
Factory 1,City C
Factory 1,City C
Factory 1,City A
Factory 1,City A
Factory 1,City E
Factory 1,City C
Factory 1,City E
Factory 1,City C
Factory 1,City A
Factory 1,City D
Factory 1,City D
Factory 1,City C
Factory 1,City A
Factory 1,City E
Factory 1,City B
Factory 1,City B
Factory 1,City A
Factory 1,City D
Factory 1,City E
Factory 1,City D
Factory 1,City E
Factory 1,City C
Factory 1,City B
Factory 1,City A
Factory 1,City A
Factory 1,City C
Factory 1,City E
Factory 1,City C
Factory 1,City B
Factory 1,City B
Factory 1,City B
Factory 1,City A
Factory 1,City C
Factory 1,City D
Factory 1,City E
Factory 1,City B
Factory 1,City D
Factory 1,City C
Factory 1,City D
Factory 1,City E
Factory 1,City A
Factory 1,City B
Factory 1,City E
Factory 1,City C
Factory 1,City C
Factory 1,City D
Factory 1,City C
Factory 1,City D
Factory 1,City C
Factory 1,City C
Factory 1,City B
Factory 1,City C
Factory 1,City D
Factory 1,City B
Factory 1,City C
Factory 1,City A
Factory 1,City D
Factory 1,City D
Factory 1,City A
Factory 1,City A
Factory 1,City E
Factory 1,City A
Factory 1,City B
Factory 1,City C
Factory 1,City B
Factory 1,City D
Factory 1,City B
Factory 1,City A
Factory 1,City A
Factory 1,City C
Factory 1,City D
Factory 1,City D
Factory 1,City A
Factory 1,City C
Factory 1,City E
Factory 1,City B
Factory 1,City B
Factory 1,City B
Factory 1,City B
Factory 1,City C
Factory 1,City A
Factory 1,City E
Factory 1,City C
Factory 1,City A
Factory 1,City E
Factory 1,City C
Factory 1,City A
Factory 1,City B
Factory 1,City C
Factory 1,City A
Factory 1,City A
Factory 1,City E
Factory 1,City E
Factory 1,City A
Factory 1,City E
Factory 1,City C
Factory 1,City B
Factory 1,City C
Factory 1,City E
Factory 1,City D
Factory 1,City C
Factory 1,City E
Factory 1,City B
Factory 1,City A
Factory 1,City A
Factory 1,City A
Factory 1,City E
Factory 1,City D
Factory 1,City B
Factory 1,City B
Factory 1,City A
Factory 1,City D
Factory 1,City B
Factory 1,City B
Factory 1,City C
Factory 1,City D
Factory 1,City A
Factory 1,City B
Factory 1,City D
Factory 1,City B
Factory 1,City E
Factory 1,City A
Factory 1,City E
Factory 1,City E
Factory 1,City D
Factory 1,City D
Factory 1,City E
Factory 1,City D
Factory 1,City E
Factory 1,City E
Factory 1,City E
Factory 1,City A
Factory 1,City B
Factory 1,City E
Factory 1,City E
Factory 1,City A
Factory 1,City C
Factory 1,City D
Factory 1,City E
Factory 1,City E
Factory 1,City C
Factory 1,City E
Factory 1,City C
Factory 1,City D
Factory 1,City B
Factory 1,City B
Factory 1,City E
Factory 1,City B
Factory 1,City A
Factory 1,City C
Factory 2,City C
Factory 2,City B
Factory 2,City E
Factory 2,City E
Factory 2,City D
Factory 2,City A
Factory 2,City B
Factory 2,City B
Factory 2,City B
Factory 2,City E
Factory 2,City A
Factory 2,City E
Factory 2,City B
Factory 2,City B
Factory 2,City D
Factory 2,City A
Factory 2,City B
Factory 2,City C
Factory 2,City D
Factory 2,City C
Factory 2,City B
Factory 2,City E
Factory 2,City C
Factory 2,City E
Factory 2,City B
Factory 2,City E
Factory 2,City D
Factory 2,City C
Factory 2,City D
Factory 2,City D
Factory 2,City C
Factory 2,City B
Factory 2,City E
Factory 2,City B
Factory 2,City C
Factory 2,City A
Factory 2,City B
Factory 2,City C
Factory 2,City A
Factory 2,City B
Factory 2,City B
Factory 2,City A
Factory 2,City D
Factory 2,City B
Factory 2,City E
Factory 2,City B
Factory 2,City B
Factory 2,City C
Factory 2,City D
Factory 2,City D
Factory 2,City C
Factory 2,City B
Factory 2,City B
Factory 2,City C
Factory 2,City A
Factory 2,City C
Factory 2,City B
Factory 2,City C
Factory 2,City C
Factory 2,City E
Factory 2,City A
Factory 2,City B
Factory 2,City D
Factory 2,City B
Factory 2,City C
Factory 2,City A
Factory 2,City E
Factory 2,City B
Factory 2,City E
Factory 2,City B
Factory 2,City E
Factory 2,City E
Factory 2,City A
Factory 2,City E
Factory 2,City D
Factory 2,City D
Factory 2,City B
Factory 2,City A
Factory 2,City C
Factory 2,City B
Factory 2,City D
Factory 2,City E
Factory 2,City D
Factory 2,City D
Factory 2,City B
Factory 2,City B
Factory 2,City D
Factory 2,City C
Factory 2,City C
Factory 2,City E
Factory 2,City E
Factory 2,City A
Factory 2,City D
Factory 2,City E
Factory 2,City B
Factory 2,City C
Factory 2,City C
Factory 2,City E
Factory 2,City E
Factory 2,City D
Factory 2,City B
Factory 2,City D
Factory 2,City D
Factory 2,City A
Factory 2,City C
Factory 2,City C
Factory 2,City E
Factory 2,City E
Factory 2,City D
Factory 2,City A
Factory 2,City D
Factory 2,City B
Factory 2,City A
Factory 2,City A
Factory 2,City E
Factory 2,City B
Factory 2,City B
Factory 2,City C
Factory 2,City C
Factory 2,City C
Factory 2,City C
Factory 2,City B
Factory 2,City D
Factory 2,City A
Factory 2,City A
Factory 2,City B
Factory 2,City C
Factory 2,City E
Factory 2,City A
Factory 2,City D
Factory 2,City D
Factory 2,City D
Factory 2,City D
Factory 2,City B
Factory 2,City B
Factory 2,City C
Factory 2,City A
Factory 2,City B
Factory 2,City B
Factory 2,City C
Factory 2,City E
Factory 2,City C
Factory 2,City D
Factory 2,City D
Factory 2,City D
Factory 2,City C
Factory 2,City C
Factory 2,City B
Factory 2,City B
Factory 2,City A
Factory 2,City A
Factory 2,City C
Factory 2,City E
Factory 2,City B
Factory 2,City D
Factory 2,City B
Factory 2,City A
Factory 2,City C
Factory 2,City A
Factory 2,City C
Factory 2,City B
Factory 2,City C
Factory 2,City B
Factory 2,City B
Factory 2,City D
Factory 2,City A
Factory 2,City A
Factory 2,City B
Factory 2,City B
Factory 2,City E
Factory 2,City A
Factory 2,City A
Factory 2,City B
Factory 2,City C
Factory 2,City E
Factory 2,City C
Factory 2,City C
Factory 2,City C
Factory 2,City D
Factory 2,City E
Factory 2,City B
Factory 2,City B
Factory 2,City D
Factory 2,City A
Factory 2,City A
Factory 2,City E
Factory 2,City B
Factory 2,City D
Factory 2,City A
Factory 2,City B
Factory 2,City B
Factory 2,City E
Factory 2,City B
Factory 2,City C
Factory 2,City C
Factory 2,City E
Factory 2,City C
Factory 2,City B
Factory 2,City C
Factory 2,City B
Factory 2,City A
Factory 2,City C
Factory 2,City E
Factory 2,City A
Factory 2,City B
Factory 2,City A
Factory 2,City B
Factory 2,City D
Factory 2,City C
Factory 2,City C
Factory 2,City C
Factory 2,City B
Factory 2,City B
Factory 2,City B
Factory 2,City A
Factory 2,City E
Factory 2,City B
Factory 2,City D
Factory 2,City C
Factory 2,City B
Factory 2,City A
Factory 2,City D
Factory 2,City B
Factory 2,City A
Factory 2,City A
Factory 2,City C
Factory 2,City D
Factory 2,City B
Factory 2,City A
Factory 2,City B
Factory 2,City D
Factory 2,City D
Factory 2,City D
Factory 2,City B
Factory 2,City C
Factory 2,City D
Factory 2,City B
Factory 2,City A
Factory 2,City E
Factory 2,City E
Factory 2,City C
Factory 2,City E
Factory 2,City C
Factory 2,City B
Factory 2,City C
Factory 2,City A
Factory 2,City D
Factory 2,City E
Factory 2,City E
Factory 2,City E
Factory 2,City E
Factory 2,City A
Factory 2,City A
Factory 2,City D
Factory 2,City A
Factory 2,City E
Factory 2,City A
Factory 2,City C
Factory 2,City C
Factory 2,City B
Factory 2,City E
Factory 2,City A
Factory 2,City A
Factory 2,City C
Factory 2,City A
Factory 2,City E
Factory 2,City D
Factory 2,City A
Factory 2,City D
Factory 2,City D
Factory 2,City B
Factory 2,City C
Factory 2,City B
Factory 2,City B
Factory 2,City E
Factory 2,City D
Factory 2,City C
Factory 2,City C
Factory 2,City C
Factory 2,City E
Factory 2,City C
Factory 2,City A
Factory 2,City B
Factory 2,City B
Factory 2,City E
Factory 2,City C
Factory 2,City B
Factory 2,City D
Factory 2,City B
Factory 2,City C
Factory 2,City B
Factory 2,City D
Factory 2,City A
Factory 2,City D
Factory 2,City D
Factory 2,City D
Factory 2,City B
Factory 2,City A
Factory 2,City A
Factory 2,City D
Factory 2,City C
Factory 2,City D
Factory 2,City D
Factory 2,City C
Factory 2,City C
Factory 2,City C
Factory 2,City A
Factory 2,City B
Factory 2,City A
Factory 2,City A
Factory 2,City A
Factory 2,City E
Factory 2,City D
Factory 2,City D
Factory 2,City B
Factory 2,City A
Factory 2,City B
Factory 2,City E
Factory 2,City C
Factory 2,City B
Factory 2,City C
Factory 2,City D
Factory 2,City B
Factory 2,City A
Factory 2,City E
Factory 2,City D
Factory 2,City D
Factory 2,City C
Factory 2,City B
Factory 2,City E
Factory 2,City C
Factory 2,City B
Factory 2,City B
Factory 2,City E
Factory 2,City B
Factory 2,City C
Factory 2,City B
Factory 2,City A
Factory 2,City D
Factory 2,City B
Factory 2,City E
Factory 2,City C
Factory 2,City D
Factory 2,City E
Factory 2,City D
Factory 2,City D
Factory 2,City B
Factory 2,City D
Factory 2,City A
Factory 2,City D
Factory 2,City A
Factory 2,City B
Factory 2,City C
Factory 2,City E
Factory 2,City D
Factory 2,City B
Factory 2,City E
Factory 2,City D
Factory 2,City A
Factory 2,City C
Factory 2,City D
Factory 2,City C
Factory 2,City E
Factory 2,City A
Factory 2,City D
Factory 3,City E
Factory 3,City C
Factory 3,City C
Factory 3,City E
Factory 3,City E
Factory 3,City B
Factory 3,City D
Factory 3,City E
Factory 3,City A
Factory 3,City E
Factory 3,City D
Factory 3,City C
Factory 3,City A
Factory 3,City D
Factory 3,City D
Factory 3,City E
Factory 3,City A
Factory 3,City D
Factory 3,City B
Factory 3,City C
Factory 3,City E
Factory 3,City E
Factory 3,City B
Factory 3,City C
Factory 3,City E
Factory 3,City C
Factory 3,City D
Factory 3,City E
Factory 3,City C
Factory 3,City C
Factory 3,City C
Factory 3,City C
Factory 3,City E
Factory 3,City D
Factory 3,City E
Factory 3,City B
Factory 3,City D
Factory 3,City B
Factory 3,City C
Factory 3,City E
Factory 3,City C
Factory 3,City D
Factory 3,City E
Factory 3,City D
Factory 3,City C
Factory 3,City D
Factory 3,City D
Factory 3,City A
Factory 3,City B
Factory 3,City B
Factory 3,City B
Factory 3,City E
Factory 3,City B
Factory 3,City E
Factory 3,City B
Factory 3,City A
Factory 3,City D
Factory 3,City E
Factory 3,City D
Factory 3,City B
Factory 3,City E
Factory 3,City C
Factory 3,City A
Factory 3,City C
Factory 3,City B
Factory 3,City A
Factory 3,City B
Factory 3,City D
Factory 3,City B
Factory 3,City B
Factory 3,City B
Factory 3,City A
Factory 3,City B
Factory 3,City C
Factory 3,City C
Factory 3,City A
Factory 3,City D
Factory 3,City E
Factory 3,City C
Factory 3,City C
Factory 3,City B
Factory 3,City E
Factory 3,City E
Factory 3,City D
Factory 3,City C
Factory 3,City B
Factory 3,City C
Factory 3,City C
Factory 3,City B
Factory 3,City E
Factory 3,City D
Factory 3,City B
Factory 3,City E
Factory 3,City B
Factory 3,City A
Factory 3,City C
Factory 3,City E
Factory 3,City D
Factory 3,City B
Factory 3,City C
Factory 3,City E
Factory 3,City E
Factory 3,City C
Factory 3,City C
Factory 3,City E
Factory 3,City D
Factory 3,City C
Factory 3,City B
Factory 3,City C
Factory 3,City A
Factory 3,City C
Factory 3,City E
Factory 3,City A
Factory 3,City B
Factory 3,City C
Factory 3,City D
Factory 3,City E
Factory 3,City E
Factory 3,City D
Factory 3,City A
Factory 3,City E
Factory 3,City E
Factory 3,City D
Factory 3,City C
Factory 3,City A
Factory 3,City D
Factory 3,City D
Factory 3,City E
Factory 3,City D
Factory 3,City C
Factory 3,City A
Factory 3,City E
Factory 3,City B
Factory 3,City B
Factory 3,City E
Factory 3,City E
Factory 3,City C
Factory 3,City D
Factory 3,City B
Factory 3,City A
Factory 3,City D
Factory 3,City A
Factory 3,City A
Factory 3,City B
Factory 3,City E
Factory 3,City A
Factory 3,City E
Factory 3,City E
Factory 3,City A
Factory 3,City D
Factory 3,City A
Factory 3,City D
Factory 3,City E
Factory 3,City E
Factory 3,City D
Factory 3,City A
Factory 3,City D
Factory 3,City D
Factory 3,City C
Factory 3,City B
Factory 3,City B
Factory 3,City E
Factory 3,City A
Factory 3,City B
Factory 3,City E
Factory 3,City C
Factory 3,City A
Factory 3,City C
Factory 3,City A
Factory 3,City D
Factory 3,City E
Factory 3,City A
Factory 3,City E
Factory 3,City B
Factory 3,City D
Factory 3,City E
Factory 3,City B
Factory 3,City D
Factory 3,City A
Factory 3,City E
Factory 3,City D
Factory 3,City A
Factory 3,City C
Factory 3,City D
Factory 3,City E
Factory 3,City A
Factory 3,City C
Factory 3,City A
Factory 3,City E
Factory 3,City E
Factory 3,City E
Factory 3,City D
Factory 3,City A
Factory 3,City E
Factory 3,City B
Factory 3,City B
Factory 3,City B
Factory 3,City B
Factory 3,City E
Factory 3,City B
Factory 3,City C
Factory 3,City C
Factory 3,City C
Factory 3,City A
Factory 3,City D
Factory 3,City B
Factory 3,City E
Factory 3,City C
Factory 3,City B
Factory 3,City D
Factory 3,City C
Factory 3,City D
Factory 3,City A
Factory 3,City E
Factory 3,City A
Factory 3,City B
Factory 3,City C
Factory 3,City B
Factory 3,City B
Factory 3,City C
Factory 3,City B
Factory 3,City B
Factory 3,City D
Factory 3,City B
Factory 3,City D
Factory 3,City E
Factory 3,City C
Factory 3,City D
Factory 3,City E
Factory 3,City D
Factory 3,City B
Factory 3,City E
Factory 3,City B
Factory 3,City E
Factory 3,City A
Factory 3,City D
Factory 3,City E
Factory 3,City A
Factory 3,City A
Factory 3,City B
Factory 3,City B
Factory 3,City E
Factory 3,City B
Factory 3,City B
Factory 3,City A
Factory 3,City B
Factory 3,City B
Factory 3,City C
Factory 3,City B
Factory 3,City B
Factory 3,City C
Factory 3,City C
Factory 3,City E
Factory 3,City E
Factory 3,City C
Factory 3,City D
Factory 3,City E
Factory 3,City B
Factory 3,City E
Factory 3,City E
Factory 3,City A
Factory 3,City E
Factory 3,City C
Factory 3,City C
Factory 3,City D
Factory 3,City A
Factory 3,City B
Factory 3,City B
Factory 3,City B
Factory 3,City E
Factory 3,City D
Factory 3,City C
Factory 3,City E
Factory 3,City C
Factory 3,City E
Factory 3,City E
Factory 3,City C
Factory 3,City D
Factory 3,City D
Factory 3,City C
Factory 3,City A
Factory 3,City E
Factory 3,City E
Factory 3,City B
Factory 3,City E
Factory 3,City A
Factory 3,City D
Factory 3,City C
Factory 3,City A
Factory 3,City E
Factory 3,City D
Factory 3,City E
Factory 3,City E
Factory 3,City B
Factory 3,City C
Factory 3,City B
Factory 3,City E
Factory 3,City B
Factory 3,City B
Factory 3,City A
Factory 3,City C
Factory 3,City C
Factory 3,City C
Factory 3,City C
Factory 3,City A
Factory 3,City D
Factory 3,City C
Factory 3,City E
Factory 3,City E
Factory 3,City B
Factory 3,City D
Factory 3,City C
Factory 3,City A
Factory 3,City E
Factory 3,City B
Factory 3,City D
Factory 3,City D
Factory 3,City C
Factory 3,City D
Factory 3,City E
Factory 3,City A
Factory 3,City B
Factory 3,City B
Factory 3,City E
Factory 3,City C
Factory 3,City C
Factory 3,City D
Factory 3,City D
Factory 3,City D
Factory 3,City A
Factory 3,City D
Factory 3,City C
Factory 3,City E
Factory 3,City B
Factory 3,City A
Factory 3,City B
Factory 3,City D
Factory 3,City E
Factory 3,City E
Factory 3,City E
Factory 3,City B
Factory 3,City A
Factory 3,City B
Factory 3,City B
Factory 3,City B
Factory 3,City D
Factory 3,City A
Factory 3,City D
Factory 3,City B
Factory 3,City B
Factory 3,City D
Factory 3,City A
Factory 3,City E
Factory 3,City B
Factory 3,City E
Factory 3,City B
Factory 3,City E
Factory 3,City A
Factory 3,City C
Factory 3,City E
Factory 3,City D
Factory 3,City E
Factory 3,City B
Factory 3,City C
Factory 3,City B
Factory 4,City A
Factory 4,City B
Factory 4,City A
Factory 4,City D
Factory 4,City B
Factory 4,City A
Factory 4,City E
Factory 4,City A
Factory 4,City A
Factory 4,City A
Factory 4,City E
Factory 4,City A
Factory 4,City A
Factory 4,City C
Factory 4,City B
Factory 4,City E
Factory 4,City E
Factory 4,City D
Factory 4,City A
Factory 4,City A
Factory 4,City C
Factory 4,City D
Factory 4,City A
Factory 4,City B
Factory 4,City E
Factory 4,City B
Factory 4,City D
Factory 4,City E
Factory 4,City B
Factory 4,City C
Factory 4,City B
Factory 4,City D
Factory 4,City B
Factory 4,City A
Factory 4,City E
Factory 4,City D
Factory 4,City D
Factory 4,City A
Factory 4,City A
Factory 4,City C
Factory 4,City B
Factory 4,City B
Factory 4,City D
Factory 4,City E
Factory 4,City A
Factory 4,City C
Factory 4,City D
Factory 4,City E
Factory 4,City A
Factory 4,City B
Factory 4,City A
Factory 4,City D
Factory 4,City E
Factory 4,City D
Factory 4,City A
Factory 4,City A
Factory 4,City E
Factory 4,City B
Factory 4,City C
Factory 4,City D
Factory 4,City A
Factory 4,City D
Factory 4,City E
Factory 4,City D
Factory 4,City D
Factory 4,City A
Factory 4,City D
Factory 4,City C
Factory 4,City B
Factory 4,City E
Factory 4,City A
Factory 4,City C
Factory 4,City E
Factory 4,City C
Factory 4,City B
Factory 4,City D
Factory 4,City D
Factory 4,City B
Factory 4,City B
Factory 4,City A
Factory 4,City D
Factory 4,City D
Factory 4,City E
Factory 4,City C
Factory 4,City E
Factory 4,City B
Factory 4,City D
Factory 4,City A
Factory 4,City E
Factory 4,City C
Factory 4,City D
Factory 4,City E
Factory 4,City A
Factory 4,City C
Factory 4,City E
Factory 4,City A
Factory 4,City E
Factory 4,City D
Factory 4,City C
Factory 4,City D
Factory 4,City E
Factory 4,City A
Factory 4,City C
Factory 4,City B
Factory 4,City C
Factory 4,City C
Factory 4,City D
Factory 4,City A
Factory 4,City B
Factory 4,City B
Factory 4,City E
Factory 4,City C
Factory 4,City B
Factory 4,City C
Factory 4,City A
Factory 4,City C
Factory 4,City E
Factory 4,City C
Factory 4,City A
Factory 4,City E
Factory 4,City A
Factory 4,City D
Factory 4,City C
Factory 4,City A
Factory 4,City D
Factory 4,City E
Factory 4,City D
Factory 4,City C
Factory 4,City C
Factory 4,City E
Factory 4,City D
Factory 4,City B
Factory 4,City B
Factory 4,City C
Factory 4,City C
Factory 4,City D
Factory 4,City A
Factory 4,City D
Factory 4,City B
Factory 4,City A
Factory 4,City A
Factory 4,City C
Factory 4,City A
Factory 4,City B
Factory 4,City C
Factory 4,City C
Factory 4,City A
Factory 4,City B
Factory 4,City B
Factory 4,City D
Factory 4,City A
Factory 4,City B
Factory 4,City D
Factory 4,City E
Factory 4,City C
Factory 4,City D
Factory 4,City D
Factory 4,City B
Factory 4,City C
Factory 4,City B
Factory 4,City E
Factory 4,City A
Factory 4,City B
Factory 4,City B
Factory 4,City A
Factory 4,City B
Factory 4,City A
Factory 4,City A
Factory 4,City B
Factory 4,City B
Factory 4,City A
Factory 4,City D
Factory 4,City B
Factory 4,City A
Factory 4,City C
Factory 4,City B
Factory 4,City B
Factory 4,City B
Factory 4,City B
Factory 4,City A
Factory 4,City C
Factory 4,City E
Factory 4,City C
Factory 4,City A
Factory 4,City D
Factory 4,City D
Factory 4,City B
Factory 4,City C
Factory 4,City D
Factory 4,City C
Factory 4,City A
Factory 4,City D
Factory 4,City B
Factory 4,City D
Factory 4,City D
Factory 4,City C
Factory 4,City D
Factory 4,City C
Factory 4,City C
Factory 4,City E
Factory 4,City D
Factory 4,City A
Factory 4,City C
Factory 4,City A
Factory 4,City A
Factory 4,City C
Factory 4,City B
Factory 4,City D
Factory 4,City A
Factory 4,City B
Factory 4,City D
Factory 4,City D
Factory 4,City D
Factory 4,City B
Factory 4,City B
Factory 4,City D
Factory 4,City D
Factory 4,City E
Factory 4,City D
Factory 4,City E
Factory 4,City B
Factory 4,City D
Factory 4,City D
Factory 4,City A
Factory 4,City E
Factory 4,City D
Factory 4,City E
Factory 4,City E
Factory 4,City C
Factory 4,City E
Factory 4,City D
Factory 4,City A
Factory 4,City B
Factory 4,City B
Factory 4,City B
Factory 4,City B
Factory 4,City C
Factory 4,City A
Factory 4,City A
Factory 4,City A
Factory 4,City A
Factory 4,City A
Factory 4,City B
Factory 4,City D
Factory 4,City A
Factory 4,City B
Factory 4,City D
Factory 4,City C
Factory 4,City A
Factory 4,City C
Factory 4,City D
Factory 4,City A
Factory 4,City D
Factory 4,City A
Factory 4,City B
Factory 4,City D
Factory 4,City A
Factory 4,City A
Factory 4,City E
Factory 4,City E
Factory 4,City B
Factory 4,City E
Factory 4,City C
Factory 4,City D
Factory 4,City C
Factory 4,City E
Factory 4,City D
Factory 4,City B
Factory 4,City A
Factory 4,City B
Factory 4,City C
Factory 4,City A
Factory 4,City E
Factory 4,City A
Factory 4,City E
Factory 4,City A
Factory 4,City E
Factory 4,City E
Factory 4,City A
Factory 4,City D
Factory 4,City C
Factory 4,City C
Factory 4,City E
Factory 4,City C
Factory 4,City A
Factory 4,City B
Factory 4,City C
Factory 4,City A
Factory 4,City B
Factory 4,City C
Factory 4,City E
Factory 4,City A
Factory 4,City B
Factory 4,City B
Factory 4,City C
Factory 4,City C
Factory 4,City B
Factory 4,City C
Factory 4,City B
Factory 4,City D
Factory 4,City A
Factory 4,City E
Factory 4,City A
Factory 4,City B
Factory 4,City A
Factory 4,City B
Factory 4,City E
Factory 4,City A
Factory 4,City D
Factory 4,City B
Factory 4,City C
Factory 4,City A
Factory 4,City C
Factory 4,City D
Factory 4,City B
Factory 4,City A
Factory 4,City D
Factory 4,City E
Factory 4,City E
Factory 4,City B
Factory 4,City B
Factory 4,City B
Factory 4,City B
Factory 4,City D
Factory 4,City D
Factory 4,City B
Factory 4,City C
Factory 4,City A
Factory 4,City B
Factory 4,City C
Factory 4,City D
Factory 4,City A
Factory 4,City D
Factory 4,City D
Factory 4,City D
Factory 4,City D
Factory 4,City B
Factory 4,City B
Factory 4,City E
Factory 4,City E
Factory 4,City A
Factory 4,City A
Factory 4,City D
Factory 4,City B
Factory 4,City D
Factory 4,City E
Factory 4,City C
Factory 4,City D
Factory 4,City D
Factory 4,City E
Factory 4,City C
Factory 4,City E
Factory 4,City A
Factory 4,City B
Factory 4,City C
Factory 4,City B
Factory 4,City C
Factory 4,City B
Factory 4,City E
Factory 4,City B
Factory 4,City E
Factory 4,City A
Factory 4,City B
Factory 4,City E
Factory 4,City B
Factory 5,City D
Factory 5,City A
Factory 5,City A
Factory 5,City A
Factory 5,City C
Factory 5,City C
Factory 5,City E
Factory 5,City B
Factory 5,City E
Factory 5,City E
Factory 5,City B
Factory 5,City D
Factory 5,City E
Factory 5,City C
Factory 5,City A
Factory 5,City E
Factory 5,City E
Factory 5,City B
Factory 5,City D
Factory 5,City E
Factory 5,City D
Factory 5,City E
Factory 5,City D
Factory 5,City C
Factory 5,City B
Factory 5,City C
Factory 5,City D
Factory 5,City E
Factory 5,City B
Factory 5,City B
Factory 5,City B
Factory 5,City A
Factory 5,City A
Factory 5,City A
Factory 5,City D
Factory 5,City E
Factory 5,City C
Factory 5,City C
Factory 5,City B
Factory 5,City E
Factory 5,City B
Factory 5,City D
Factory 5,City A
Factory 5,City C
Factory 5,City D
Factory 5,City C
Factory 5,City B
Factory 5,City A
Factory 5,City B
Factory 5,City B
Factory 5,City A
Factory 5,City A
Factory 5,City B
Factory 5,City D
Factory 5,City E
Factory 5,City A
Factory 5,City D
Factory 5,City B
Factory 5,City B
Factory 5,City B
Factory 5,City D
Factory 5,City E
Factory 5,City A
Factory 5,City E
Factory 5,City A
Factory 5,City E
Factory 5,City E
Factory 5,City C
Factory 5,City B
Factory 5,City A
Factory 5,City B
Factory 5,City A
Factory 5,City D
Factory 5,City C
Factory 5,City D
Factory 5,City D
Factory 5,City B
Factory 5,City C
Factory 5,City D
Factory 5,City A
Factory 5,City C
Factory 5,City C
Factory 5,City B
Factory 5,City E
Factory 5,City E
Factory 5,City A
Factory 5,City E
Factory 5,City C
Factory 5,City E
Factory 5,City C
Factory 5,City E
Factory 5,City C
Factory 5,City E
Factory 5,City A
Factory 5,City B
Factory 5,City C
Factory 5,City C
Factory 5,City D
Factory 5,City E
Factory 5,City E
Factory 5,City A
Factory 5,City C
Factory 5,City D
Factory 5,City D
Factory 5,City D
Factory 5,City B
Factory 5,City D
Factory 5,City B
Factory 5,City C
Factory 5,City A
Factory 5,City E
Factory 5,City C
Factory 5,City A
Factory 5,City D
Factory 5,City B
Factory 5,City D
Factory 5,City C
Factory 5,City D
Factory 5,City C
Factory 5,City A
Factory 5,City A
Factory 5,City A
Factory 5,City E
Factory 5,City A
Factory 5,City D
Factory 5,City B
Factory 5,City D
Factory 5,City B
Factory 5,City A
Factory 5,City C
Factory 5,City D
Factory 5,City E
Factory 5,City B
Factory 5,City B
Factory 5,City E
Factory 5,City D
Factory 5,City A
Factory 5,City E
Factory 5,City B
Factory 5,City A
Factory 5,City E
Factory 5,City A
Factory 5,City A
Factory 5,City A
Factory 5,City B
Factory 5,City E
Factory 5,City A
Factory 5,City B
Factory 5,City B
Factory 5,City D
Factory 5,City B
Factory 5,City E
Factory 5,City B
Factory 5,City B
Factory 5,City D
Factory 5,City E
Factory 5,City B
Factory 5,City D
Factory 5,City C
Factory 5,City E
Factory 5,City D
Factory 5,City B
Factory 5,City C
Factory 5,City E
Factory 5,City C
Factory 5,City D
Factory 5,City C
Factory 5,City C
Factory 5,City D
Factory 5,City C
Factory 5,City A
Factory 5,City A
Factory 5,City C
Factory 5,City A
Factory 5,City A
Factory 5,City C
Factory 5,City B
Factory 5,City D
Factory 5,City C
Factory 5,City E
Factory 5,City C
Factory 5,City E
Factory 5,City C
Factory 5,City A
Factory 5,City E
Factory 5,City E
Factory 5,City B
Factory 5,City C
Factory 5,City C
Factory 5,City B
Factory 5,City C
Factory 5,City B
Factory 5,City B
Factory 5,City B
Factory 5,City B
Factory 5,City C
Factory 5,City E
Factory 5,City E
Factory 5,City E
Factory 5,City A
Factory 5,City C
Factory 5,City B
Factory 5,City A
Factory 5,City C
Factory 5,City D
Factory 5,City D
Factory 5,City B
Factory 5,City B
Factory 5,City E
Factory 5,City E
Factory 5,City D
Factory 5,City B
Factory 5,City C
Factory 5,City A
Factory 5,City D
Factory 5,City B
Factory 5,City C
Factory 5,City A
Factory 5,City A
Factory 5,City D
Factory 5,City D
Factory 5,City A
Factory 5,City E
Factory 5,City A
Factory 5,City A
Factory 5,City C
Factory 5,City A
Factory 5,City C
Factory 5,City D
Factory 5,City C
Factory 5,City D
Factory 5,City D
Factory 5,City B
Factory 5,City E
Factory 5,City C
Factory 5,City B
Factory 5,City B
Factory 5,City D
Factory 5,City C
Factory 5,City B
Factory 5,City E
Factory 5,City A
Factory 5,City C
Factory 5,City E
Factory 5,City A
Factory 5,City B
Factory 5,City C
Factory 5,City C
Factory 5,City B
Factory 5,City D
Factory 5,City C
Factory 5,City A
Factory 5,City E
Factory 5,City C
Factory 5,City A
Factory 5,City E
Factory 5,City B
Factory 5,City E
Factory 5,City D
Factory 5,City D
Factory 5,City A
Factory 5,City B
Factory 5,City D
Factory 5,City E
Factory 5,City A
Factory 5,City B
Factory 5,City D
Factory 5,City D
Factory 5,City E
Factory 5,City A
Factory 5,City E
Factory 5,City C
Factory 5,City C
Factory 5,City B
Factory 5,City E
Factory 5,City A
Factory 5,City E
Factory 5,City C
Factory 5,City D
Factory 5,City E
Factory 5,City B
Factory 5,City A
Factory 5,City A
Factory 5,City D
Factory 5,City A
Factory 5,City B
Factory 5,City C
Factory 5,City C
Factory 5,City E
Factory 5,City D
Factory 5,City E
Factory 5,City E
Factory 5,City B
Factory 5,City E
Factory 5,City E
Factory 5,City A
Factory 5,City E
Factory 5,City C
Factory 5,City B
Factory 5,City A
Factory 5,City B
Factory 5,City B
Factory 5,City D
Factory 5,City D
Factory 5,City C
Factory 5,City A
Factory 5,City C
Factory 5,City A
Factory 5,City B
Factory 5,City B
Factory 5,City D
Factory 5,City E
Factory 5,City E
Factory 5,City B
Factory 5,City E
Factory 5,City E
Factory 5,City B
Factory 5,City D
Factory 5,City C
Factory 5,City A
Factory 5,City E
Factory 5,City D
Factory 5,City E
Factory 5,City D
Factory 5,City E
Factory 5,City D
Factory 5,City E
Factory 5,City A
Factory 5,City A
Factory 5,City A
Factory 5,City A
Factory 5,City A
Factory 5,City A
Factory 5,City C
Factory 5,City E
Factory 5,City B
Factory 5,City B
Factory 5,City D
Factory 5,City E
Factory 5,City D
Factory 5,City D
Factory 5,City D
Factory 5,City B
Factory 5,City C
Factory 5,City D
Factory 5,City C
Factory 5,City C
Factory 5,City E
Factory 5,City A
Factory 5,City B
Factory 5,City A
Factory 5,City E
Factory 5,City E
Factory 5,City E
Factory 5,City D
Factory 5,City A
Factory 5,City C
Factory 5,City B
Factory 5,City B
Factory 5,City D
Factory 5,City D
Factory 5,City D
Factory 5,City C
Factory 5,City D
Factory 5,City E
Factory 6,City A
Factory 6,City C
Factory 6,City E
Factory 6,City D
Factory 6,City D
Factory 6,City D
Factory 6,City E
Factory 6,City B
Factory 6,City C
Factory 6,City C
Factory 6,City D
Factory 6,City A
Factory 6,City E
Factory 6,City A
Factory 6,City B
Factory 6,City B
Factory 6,City D
Factory 6,City E
Factory 6,City A
Factory 6,City C
Factory 6,City A
Factory 6,City A
Factory 6,City C
Factory 6,City D
Factory 6,City D
Factory 6,City D
Factory 6,City E
Factory 6,City A
Factory 6,City A
Factory 6,City C
Factory 6,City E
Factory 6,City C
Factory 6,City C
Factory 6,City A
Factory 6,City C
Factory 6,City A
Factory 6,City E
Factory 6,City B
Factory 6,City D
Factory 6,City A
Factory 6,City C
Factory 6,City A
Factory 6,City B
Factory 6,City E
Factory 6,City E
Factory 6,City C
Factory 6,City A
Factory 6,City A
Factory 6,City E
Factory 6,City B
Factory 6,City E
Factory 6,City B
Factory 6,City E
Factory 6,City D
Factory 6,City E
Factory 6,City E
Factory 6,City D
Factory 6,City C
Factory 6,City A
Factory 6,City A
Factory 6,City A
Factory 6,City C
Factory 6,City E
Factory 6,City D
Factory 6,City A
Factory 6,City B
Factory 6,City A
Factory 6,City C
Factory 6,City B
Factory 6,City D
Factory 6,City B
Factory 6,City B
Factory 6,City A
Factory 6,City C
Factory 6,City C
Factory 6,City A
Factory 6,City C
Factory 6,City E
Factory 6,City D
Factory 6,City B
Factory 6,City D
Factory 6,City E
Factory 6,City A
Factory 6,City C
Factory 6,City E
Factory 6,City D
Factory 6,City C
Factory 6,City C
Factory 6,City C
Factory 6,City D
Factory 6,City B
Factory 6,City C
Factory 6,City A
Factory 6,City A
Factory 6,City E
Factory 6,City A
Factory 6,City E
Factory 6,City A
Factory 6,City C
Factory 6,City A
Factory 6,City C
Factory 6,City D
Factory 6,City B
Factory 6,City C
Factory 6,City B
Factory 6,City D
Factory 6,City B
Factory 6,City E
Factory 6,City B
Factory 6,City B
Factory 6,City B
Factory 6,City B
Factory 6,City C
Factory 6,City D
Factory 6,City C
Factory 6,City D
Factory 6,City E
Factory 6,City C
Factory 6,City D
Factory 6,City B
Factory 6,City A
Factory 6,City A
Factory 6,City E
Factory 6,City A
Factory 6,City E
Factory 6,City E
Factory 6,City B
Factory 6,City D
Factory 6,City A
Factory 6,City A
Factory 6,City D
Factory 6,City A
Factory 6,City D
Factory 6,City A
Factory 6,City B
Factory 6,City C
Factory 6,City C
Factory 6,City C
Factory 6,City A
Factory 6,City D
Factory 6,City C
Factory 6,City B
Factory 6,City B
Factory 6,City B
Factory 6,City C
Factory 6,City A
Factory 6,City B
Factory 6,City A
Factory 6,City B
Factory 6,City D
Factory 6,City A
Factory 6,City A
Factory 6,City B
Factory 6,City A
Factory 6,City E
Factory 6,City B
Factory 6,City C
Factory 6,City D
Factory 6,City D
Factory 6,City E
Factory 6,City A
Factory 6,City B
Factory 6,City A
Factory 6,City A
Factory 6,City A
Factory 6,City C
Factory 6,City A
Factory 6,City E
Factory 6,City C
Factory 6,City C
Factory 6,City C
Factory 6,City C
Factory 6,City E
Factory 6,City A
Factory 6,City A
Factory 6,City E
Factory 6,City D
Factory 6,City B
Factory 6,City A
Factory 6,City A
Factory 6,City B
Factory 6,City A
Factory 6,City C
Factory 6,City B
Factory 6,City B
Factory 6,City A
Factory 6,City B
Factory 6,City E
Factory 6,City A
Factory 6,City A
Factory 6,City C
Factory 6,City E
Factory 6,City D
Factory 6,City C
Factory 6,City A
Factory 6,City B
Factory 6,City B
Factory 6,City D
Factory 6,City E
Factory 6,City B
Factory 6,City E
Factory 6,City A
Factory 6,City B
Factory 6,City D
Factory 6,City E
Factory 6,City E
Factory 6,City D
Factory 6,City B
Factory 6,City B
Factory 6,City D
Factory 6,City D
Factory 6,City A
Factory 6,City A
Factory 6,City B
Factory 6,City E
Factory 6,City B
Factory 6,City C
Factory 6,City C
Factory 6,City C
Factory 6,City E
Factory 6,City E
Factory 6,City D
Factory 6,City C
Factory 6,City D
Factory 6,City E
Factory 6,City D
Factory 6,City C
Factory 6,City B
Factory 6,City D
Factory 6,City E
Factory 6,City D
Factory 6,City E
Factory 6,City A
Factory 6,City B
Factory 6,City A
Factory 6,City A
Factory 6,City B
Factory 6,City C
Factory 6,City C
Factory 6,City D
Factory 6,City C
Factory 6,City C
Factory 6,City C
Factory 6,City A
Factory 6,City C
Factory 6,City C
Factory 6,City D
Factory 6,City D
Factory 6,City A
Factory 6,City B
Factory 6,City D
Factory 6,City E
Factory 6,City A
Factory 6,City E
Factory 6,City A
Factory 6,City D
Factory 6,City E
Factory 6,City C
Factory 6,City D
Factory 6,City D
Factory 6,City A
Factory 6,City A
Factory 6,City A
Factory 6,City C
Factory 6,City C
Factory 6,City A
Factory 6,City C
Factory 6,City C
Factory 6,City A
Factory 6,City D
Factory 6,City A
Factory 6,City D
Factory 6,City D
Factory 6,City B
Factory 6,City D
Factory 6,City C
Factory 6,City D
Factory 6,City B
Factory 6,City E
Factory 6,City A
Factory 6,City C
Factory 6,City D
Factory 6,City C
Factory 6,City D
Factory 6,City D
Factory 6,City D
Factory 6,City C
Factory 6,City E
Factory 6,City B
Factory 6,City B
Factory 6,City B
Factory 6,City A
Factory 6,City A
Factory 6,City C
Factory 6,City D
Factory 6,City E
Factory 6,City E
Factory 6,City C
Factory 6,City E
Factory 6,City B
Factory 6,City D
Factory 6,City C
Factory 6,City C
Factory 6,City E
Factory 6,City C
Factory 6,City D
Factory 6,City C
Factory 6,City E
Factory 6,City B
Factory 6,City C
Factory 6,City E
Factory 6,City A
Factory 6,City A
Factory 6,City B
Factory 6,City C
Factory 6,City B
Factory 6,City C
Factory 6,City E
Factory 6,City A
Factory 6,City B
Factory 6,City D
Factory 6,City A
Factory 6,City C
Factory 6,City D
Factory 6,City D
Factory 6,City B
Factory 6,City C
Factory 6,City A
Factory 6,City D
Factory 6,City C
Factory 6,City B
Factory 6,City D
Factory 6,City B
Factory 6,City A
Factory 6,City A
Factory 6,City A
Factory 6,City D
Factory 6,City C
Factory 6,City D
Factory 6,City D
Factory 6,City C
Factory 6,City C
Factory 6,City E
Factory 6,City D
Factory 6,City E
Factory 6,City A
Factory 6,City B
Factory 6,City A
Factory 6,City E
Factory 6,City D
Factory 6,City D
Factory 6,City E
Factory 6,City A
Factory 6,City C
Factory 6,City B
Factory 6,City A
Factory 6,City E
Factory 6,City A
Factory 6,City C
Factory 6,City D
Factory 6,City C
Factory 6,City A
Factory 6,City B
Factory 6,City D
Factory 6,City E
Factory 7,City E
Factory 7,City A
Factory 7,City D
Factory 7,City C
Factory 7,City B
Factory 7,City A
Factory 7,City A
Factory 7,City E
Factory 7,City D
Factory 7,City A
Factory 7,City C
Factory 7,City D
Factory 7,City E
Factory 7,City D
Factory 7,City C
Factory 7,City A
Factory 7,City E
Factory 7,City E
Factory 7,City B
Factory 7,City A
Factory 7,City C
Factory 7,City D
Factory 7,City A
Factory 7,City A
Factory 7,City B
Factory 7,City E
Factory 7,City A
Factory 7,City E
Factory 7,City D
Factory 7,City E
Factory 7,City A
Factory 7,City D
Factory 7,City C
Factory 7,City E
Factory 7,City D
Factory 7,City D
Factory 7,City D
Factory 7,City C
Factory 7,City A
Factory 7,City A
Factory 7,City D
Factory 7,City D
Factory 7,City B
Factory 7,City A
Factory 7,City A
Factory 7,City D
Factory 7,City D
Factory 7,City A
Factory 7,City B
Factory 7,City E
Factory 7,City D
Factory 7,City C
Factory 7,City B
Factory 7,City A
Factory 7,City A
Factory 7,City B
Factory 7,City D
Factory 7,City B
Factory 7,City D
Factory 7,City C
Factory 7,City B
Factory 7,City D
Factory 7,City A
Factory 7,City C
Factory 7,City C
Factory 7,City C
Factory 7,City C
Factory 7,City A
Factory 7,City E
Factory 7,City A
Factory 7,City B
Factory 7,City C
Factory 7,City A
Factory 7,City C
Factory 7,City E
Factory 7,City C
Factory 7,City A
Factory 7,City A
Factory 7,City E
Factory 7,City A
Factory 7,City B
Factory 7,City D
Factory 7,City E
Factory 7,City C
Factory 7,City A
Factory 7,City E
Factory 7,City C
Factory 7,City C
Factory 7,City C
Factory 7,City D
Factory 7,City B
Factory 7,City B
Factory 7,City B
Factory 7,City E
Factory 7,City A
Factory 7,City C
Factory 7,City D
Factory 7,City B
Factory 7,City C
Factory 7,City C
Factory 7,City D
Factory 7,City C
Factory 7,City A
Factory 7,City D
Factory 7,City C
Factory 7,City A
Factory 7,City C
Factory 7,City E
Factory 7,City D
Factory 7,City A
Factory 7,City C
Factory 7,City D
Factory 7,City D
Factory 7,City D
Factory 7,City E
Factory 7,City B
Factory 7,City E
Factory 7,City E
Factory 7,City A
Factory 7,City A
Factory 7,City D
Factory 7,City C
Factory 7,City D
Factory 7,City E
Factory 7,City A
Factory 7,City A
Factory 7,City A
Factory 7,City D
Factory 7,City E
Factory 7,City E
Factory 7,City D
Factory 7,City E
Factory 7,City A
Factory 7,City B
Factory 7,City E
Factory 7,City B
Factory 7,City E
Factory 7,City A
Factory 7,City B
Factory 7,City A
Factory 7,City E
Factory 7,City C
Factory 7,City C
Factory 7,City B
Factory 7,City A
Factory 7,City A
Factory 7,City B
Factory 7,City C
Factory 7,City E
Factory 7,City C
Factory 7,City B
Factory 7,City C
Factory 7,City B
Factory 7,City A
Factory 7,City B
Factory 7,City C
Factory 7,City B
Factory 7,City A
Factory 7,City A
Factory 7,City B
Factory 7,City B
Factory 7,City D
Factory 7,City E
Factory 7,City A
Factory 7,City C
Factory 7,City C
Factory 7,City C
Factory 7,City D
Factory 7,City A
Factory 7,City D
Factory 7,City E
Factory 7,City E
Factory 7,City B
Factory 7,City C
Factory 7,City A
Factory 7,City E
Factory 7,City D
Factory 7,City B
Factory 7,City E
Factory 7,City D
Factory 7,City A
Factory 7,City C
Factory 7,City B
Factory 7,City D
Factory 7,City C
Factory 7,City C
Factory 7,City C
Factory 7,City B
Factory 7,City C
Factory 7,City D
Factory 7,City B
Factory 7,City B
Factory 7,City B
Factory 7,City A
Factory 7,City D
Factory 7,City A
Factory 7,City A
Factory 7,City E
Factory 7,City B
Factory 7,City A
Factory 7,City A
Factory 7,City B
Factory 7,City D
Factory 7,City C
Factory 7,City D
Factory 7,City C
Factory 7,City A
Factory 7,City A
Factory 7,City C
Factory 7,City A
Factory 7,City C
Factory 7,City A
Factory 7,City A
Factory 7,City D
Factory 7,City D
Factory 7,City A
Factory 7,City E
Factory 7,City D
Factory 7,City D
Factory 7,City E
Factory 7,City C
Factory 7,City B
Factory 7,City D
Factory 7,City D
Factory 7,City E
Factory 7,City E
Factory 7,City A
Factory 7,City C
Factory 7,City E
Factory 7,City B
Factory 7,City B
Factory 7,City D
Factory 7,City E
Factory 7,City D
Factory 7,City D
Factory 7,City A
Factory 7,City D
Factory 7,City D
Factory 7,City D
Factory 7,City A
Factory 7,City D
Factory 7,City E
Factory 7,City C
Factory 7,City E
Factory 7,City E
Factory 7,City E
Factory 7,City E
Factory 7,City D
Factory 7,City C
Factory 7,City B
Factory 7,City A
Factory 7,City E
Factory 7,City E
Factory 7,City E
Factory 7,City A
Factory 7,City B
Factory 7,City B
Factory 7,City D
Factory 7,City E
Factory 7,City C
Factory 7,City B
Factory 7,City D
Factory 7,City A
Factory 7,City C
Factory 7,City B
Factory 7,City E
Factory 7,City D
Factory 7,City D
Factory 7,City A
Factory 7,City A
Factory 7,City E
Factory 7,City E
Factory 7,City E
Factory 7,City B
Factory 7,City D
Factory 7,City A
Factory 7,City A
Factory 7,City A
Factory 7,City E
Factory 7,City A
Factory 7,City D
Factory 7,City E
Factory 7,City C
Factory 7,City A
Factory 7,City B
Factory 7,City A
Factory 7,City B
Factory 7,City B
Factory 7,City D
Factory 7,City A
Factory 7,City A
Factory 7,City B
Factory 7,City E
Factory 7,City B
Factory 7,City C
Factory 7,City C
Factory 7,City C
Factory 7,City B
Factory 7,City A
Factory 7,City D
Factory 7,City E
Factory 7,City E
Factory 7,City D
Factory 7,City A
Factory 7,City E
Factory 7,City D
Factory 7,City E
Factory 7,City B
Factory 7,City C
Factory 7,City C
Factory 7,City C
Factory 7,City C
Factory 7,City B
Factory 7,City A
Factory 7,City C
Factory 7,City B
Factory 7,City B
Factory 7,City E
Factory 7,City E
Factory 7,City D
Factory 7,City A
Factory 7,City D
Factory 7,City D
Factory 7,City E
Factory 7,City E
Factory 7,City E
Factory 7,City C
Factory 7,City D
Factory 7,City A
Factory 7,City B
Factory 7,City E
Factory 7,City D
Factory 7,City B
Factory 7,City A
Factory 7,City D
Factory 7,City E
Factory 7,City C
Factory 7,City A
Factory 7,City E
Factory 7,City A
Factory 7,City E
Factory 7,City C
Factory 7,City C
Factory 7,City D
Factory 7,City B
Factory 7,City A
Factory 7,City A
Factory 7,City B
Factory 7,City B
Factory 7,City A
Factory 7,City E
Factory 7,City E
Factory 7,City B
Factory 7,City A
Factory 7,City D
Factory 7,City B
Factory 7,City C
Factory 7,City C
Factory 7,City C
Factory 7,City E
Factory 7,City D
Factory 7,City B
Factory 7,City C
Factory 7,City D
Factory 7,City B
Factory 8,City B
Factory 8,City E
Factory 8,City B
Factory 8,City B
Factory 8,City A
Factory 8,City E
Factory 8,City D
Factory 8,City A
Factory 8,City D
Factory 8,City A
Factory 8,City C
Factory 8,City A
Factory 8,City A
Factory 8,City C
Factory 8,City A
Factory 8,City E
Factory 8,City B
Factory 8,City D
Factory 8,City D
Factory 8,City D
Factory 8,City B
Factory 8,City A
Factory 8,City A
Factory 8,City A
Factory 8,City C
Factory 8,City B
Factory 8,City B
Factory 8,City E
Factory 8,City B
Factory 8,City E
Factory 8,City E
Factory 8,City D
Factory 8,City D
Factory 8,City C
Factory 8,City E
Factory 8,City C
Factory 8,City D
Factory 8,City B
Factory 8,City E
Factory 8,City B
Factory 8,City D
Factory 8,City E
Factory 8,City A
Factory 8,City E
Factory 8,City E
Factory 8,City D
Factory 8,City A
Factory 8,City E
Factory 8,City D
Factory 8,City C
Factory 8,City A
Factory 8,City B
Factory 8,City A
Factory 8,City D
Factory 8,City B
Factory 8,City C
Factory 8,City B
Factory 8,City C
Factory 8,City B
Factory 8,City C
Factory 8,City A
Factory 8,City B
Factory 8,City D
Factory 8,City B
Factory 8,City A
Factory 8,City B
Factory 8,City A
Factory 8,City C
Factory 8,City B
Factory 8,City D
Factory 8,City A
Factory 8,City A
Factory 8,City B
Factory 8,City D
Factory 8,City C
Factory 8,City C
Factory 8,City D
Factory 8,City B
Factory 8,City B
Factory 8,City D
Factory 8,City E
Factory 8,City E
Factory 8,City A
Factory 8,City B
Factory 8,City E
Factory 8,City C
Factory 8,City D
Factory 8,City B
Factory 8,City C
Factory 8,City D
Factory 8,City A
Factory 8,City D
Factory 8,City E
Factory 8,City C
Factory 8,City A
Factory 8,City C
Factory 8,City D
Factory 8,City E
Factory 8,City C
Factory 8,City A
Factory 8,City A
Factory 8,City A
Factory 8,City A
Factory 8,City D
Factory 8,City A
Factory 8,City D
Factory 8,City B
Factory 8,City A
Factory 8,City E
Factory 8,City A
Factory 8,City D
Factory 8,City D
Factory 8,City E
Factory 8,City E
Factory 8,City A
Factory 8,City E
Factory 8,City D
Factory 8,City B
Factory 8,City B
Factory 8,City E
Factory 8,City E
Factory 8,City D
Factory 8,City D
Factory 8,City A
Factory 8,City D
Factory 8,City D
Factory 8,City A
Factory 8,City A
Factory 8,City B
Factory 8,City A
Factory 8,City C
Factory 8,City B
Factory 8,City C
Factory 8,City C
Factory 8,City D
Factory 8,City D
Factory 8,City B
Factory 8,City C
Factory 8,City C
Factory 8,City B
Factory 8,City B
Factory 8,City C
Factory 8,City B
Factory 8,City B
Factory 8,City B
Factory 8,City C
Factory 8,City E
Factory 8,City B
Factory 8,City B
Factory 8,City C
Factory 8,City D
Factory 8,City B
Factory 8,City C
Factory 8,City B
Factory 8,City A
Factory 8,City B
Factory 8,City C
Factory 8,City C
Factory 8,City D
Factory 8,City E
Factory 8,City A
Factory 8,City B
Factory 8,City C
Factory 8,City C
Factory 8,City D
Factory 8,City B
Factory 8,City E
Factory 8,City A
Factory 8,City A
Factory 8,City E
Factory 8,City D
Factory 8,City D
Factory 8,City E
Factory 8,City C
Factory 8,City B
Factory 8,City C
Factory 8,City C
Factory 8,City B
Factory 8,City E
Factory 8,City C
Factory 8,City A
Factory 8,City D
Factory 8,City D
Factory 8,City E
Factory 8,City A
Factory 8,City A
Factory 8,City E
Factory 8,City C
Factory 8,City C
Factory 8,City E
Factory 8,City E
Factory 8,City E
Factory 8,City E
Factory 8,City A
Factory 8,City E
Factory 8,City D
Factory 8,City D
Factory 8,City B
Factory 8,City E
Factory 8,City A
Factory 8,City E
Factory 8,City B
Factory 8,City A
Factory 8,City A
Factory 8,City A
Factory 8,City A
Factory 8,City C
Factory 8,City E
Factory 8,City E
Factory 8,City E
Factory 8,City C
Factory 8,City A
Factory 8,City E
Factory 8,City A
Factory 8,City C
Factory 8,City D
Factory 8,City D
Factory 8,City A
Factory 8,City D
Factory 8,City D
Factory 8,City B
Factory 8,City C
Factory 8,City A
Factory 8,City B
Factory 8,City E
Factory 8,City D
Factory 8,City A
Factory 8,City A
Factory 8,City A
Factory 8,City A
Factory 8,City C
Factory 8,City A
Factory 8,City B
Factory 8,City E
Factory 8,City C
Factory 8,City C
Factory 8,City E
Factory 8,City A
Factory 8,City E
Factory 8,City C
Factory 8,City A
Factory 8,City A
Factory 8,City B
Factory 8,City E
Factory 8,City E
Factory 8,City D
Factory 8,City D
Factory 8,City B
Factory 8,City C
Factory 8,City E
Factory 8,City B
Factory 8,City D
Factory 8,City A
Factory 8,City C
Factory 8,City D
Factory 8,City E
Factory 8,City B
Factory 8,City D
Factory 8,City A
Factory 8,City A
Factory 8,City C
Factory 8,City A
Factory 8,City C
Factory 8,City C
Factory 8,City B
Factory 8,City D
Factory 8,City A
Factory 8,City A
Factory 8,City B
Factory 8,City A
Factory 8,City C
Factory 8,City D
Factory 8,City A
Factory 8,City D
Factory 8,City C
Factory 8,City C
Factory 8,City A
Factory 8,City B
Factory 8,City D
Factory 8,City C
Factory 8,City A
Factory 8,City C
Factory 8,City A
Factory 8,City E
Factory 8,City C
Factory 8,City E
Factory 8,City D
Factory 8,City C
Factory 8,City A
Factory 8,City C
Factory 8,City D
Factory 8,City E
Factory 8,City D
Factory 8,City D
Factory 8,City E
Factory 8,City E
Factory 8,City A
Factory 8,City B
Factory 8,City B
Factory 8,City D
Factory 8,City B
Factory 8,City D
Factory 8,City E
Factory 8,City E
Factory 8,City B
Factory 8,City D
Factory 8,City E
Factory 8,City C
Factory 8,City D
Factory 8,City C
Factory 8,City E
Factory 8,City A
Factory 8,City B
Factory 8,City E
Factory 8,City C
Factory 8,City A
Factory 8,City B
Factory 8,City A
Factory 8,City E
Factory 8,City C
Factory 8,City B
Factory 8,City B
Factory 8,City A
Factory 8,City E
Factory 8,City D
Factory 8,City C
Factory 8,City B
Factory 8,City A
Factory 8,City A
Factory 8,City B
Factory 8,City C
Factory 8,City E
Factory 8,City C
Factory 8,City A
Factory 8,City C
Factory 8,City E
Factory 8,City C
Factory 8,City D
Factory 8,City B
Factory 8,City A
Factory 8,City B
Factory 8,City E
Factory 8,City C
Factory 8,City A
Factory 8,City C
Factory 8,City C
Factory 8,City A
Factory 8,City B
Factory 8,City C
Factory 8,City E
Factory 8,City E
Factory 8,City C
Factory 8,City D
Factory 8,City E
Factory 8,City A
Factory 8,City A
Factory 8,City C
Factory 8,City E
Factory 8,City E
Factory 8,City B
Factory 8,City C
Factory 8,City B
Factory 8,City E
Factory 8,City E
Factory 8,City C
Factory 9,City A
Factory 9,City B
Factory 9,City E
Factory 9,City C
Factory 9,City A
Factory 9,City E
Factory 9,City E
Factory 9,City B
Factory 9,City A
Factory 9,City A
Factory 9,City C
Factory 9,City E
Factory 9,City B
Factory 9,City A
Factory 9,City A
Factory 9,City B
Factory 9,City C
Factory 9,City D
Factory 9,City E
Factory 9,City A
Factory 9,City A
Factory 9,City C
Factory 9,City A
Factory 9,City B
Factory 9,City A
Factory 9,City A
Factory 9,City C
Factory 9,City A
Factory 9,City E
Factory 9,City D
Factory 9,City E
Factory 9,City D
Factory 9,City A
Factory 9,City C
Factory 9,City E
Factory 9,City B
Factory 9,City D
Factory 9,City A
Factory 9,City E
Factory 9,City C
Factory 9,City B
Factory 9,City B
Factory 9,City E
Factory 9,City C
Factory 9,City E
Factory 9,City D
Factory 9,City C
Factory 9,City E
Factory 9,City D
Factory 9,City B
Factory 9,City A
Factory 9,City B
Factory 9,City D
Factory 9,City E
Factory 9,City E
Factory 9,City A
Factory 9,City D
Factory 9,City D
Factory 9,City A
Factory 9,City E
Factory 9,City B
Factory 9,City A
Factory 9,City D
Factory 9,City C
Factory 9,City E
Factory 9,City E
Factory 9,City E
Factory 9,City A
Factory 9,City A
Factory 9,City A
Factory 9,City A
Factory 9,City D
Factory 9,City E
Factory 9,City D
Factory 9,City B
Factory 9,City D
Factory 9,City E
Factory 9,City A
Factory 9,City B
Factory 9,City C
Factory 9,City B
Factory 9,City E
Factory 9,City B
Factory 9,City E
Factory 9,City A
Factory 9,City E
Factory 9,City E
Factory 9,City B
Factory 9,City C
Factory 9,City B
Factory 9,City D
Factory 9,City D
Factory 9,City E
Factory 9,City E
Factory 9,City E
Factory 9,City B
Factory 9,City E
Factory 9,City A
Factory 9,City C
Factory 9,City A
Factory 9,City D
Factory 9,City A
Factory 9,City E
Factory 9,City B
Factory 9,City B
Factory 9,City E
Factory 9,City B
Factory 9,City B
Factory 9,City E
Factory 9,City D
Factory 9,City C
Factory 9,City B
Factory 9,City D
Factory 9,City B
Factory 9,City D
Factory 9,City C
Factory 9,City C
Factory 9,City E
Factory 9,City A
Factory 9,City E
Factory 9,City D
Factory 9,City B
Factory 9,City E
Factory 9,City E
Factory 9,City C
Factory 9,City A
Factory 9,City A
Factory 9,City C
Factory 9,City D
Factory 9,City B
Factory 9,City D
Factory 9,City D
Factory 9,City A
Factory 9,City D
Factory 9,City D
Factory 9,City E
Factory 9,City E
Factory 9,City D
Factory 9,City A
Factory 9,City A
Factory 9,City D
Factory 9,City A
Factory 9,City B
Factory 9,City A
Factory 9,City B
Factory 9,City D
Factory 9,City B
Factory 9,City E
Factory 9,City A
Factory 9,City C
Factory 9,City B
Factory 9,City B
Factory 9,City D
Factory 9,City E
Factory 9,City B
Factory 9,City C
Factory 9,City C
Factory 9,City A
Factory 9,City E
Factory 9,City A
Factory 9,City E
Factory 9,City A
Factory 9,City C
Factory 9,City B
Factory 9,City E
Factory 9,City E
Factory 9,City E
Factory 9,City B
Factory 9,City A
Factory 9,City A
Factory 9,City B
Factory 9,City D
Factory 9,City D
Factory 9,City A
Factory 9,City D
Factory 9,City C
Factory 9,City B
Factory 9,City C
Factory 9,City B
Factory 9,City E
Factory 9,City E
Factory 9,City A
Factory 9,City C
Factory 9,City B
Factory 9,City D
Factory 9,City C
Factory 9,City B
Factory 9,City E
Factory 9,City D
Factory 9,City C
Factory 9,City C
Factory 9,City A
Factory 9,City B
Factory 9,City A
Factory 9,City D
Factory 9,City D
Factory 9,City A
Factory 9,City E
Factory 9,City B
Factory 9,City C
Factory 9,City E
Factory 9,City D
Factory 9,City C
Factory 9,City A
Factory 9,City B
Factory 9,City D
Factory 9,City C
Factory 9,City D
Factory 9,City A
Factory 9,City C
Factory 9,City E
Factory 9,City B
Factory 9,City C
Factory 9,City D
Factory 9,City C
Factory 9,City D
Factory 9,City E
Factory 9,City C
Factory 9,City D
Factory 9,City B
Factory 9,City D
Factory 9,City A
Factory 9,City A
Factory 9,City D
Factory 9,City A
Factory 9,City D
Factory 9,City B
Factory 9,City B
Factory 9,City D
Factory 9,City C
Factory 9,City E
Factory 9,City E
Factory 9,City B
Factory 9,City E
Factory 9,City A
Factory 9,City C
Factory 9,City A
Factory 9,City C
Factory 9,City E
Factory 9,City C
Factory 9,City C
Factory 9,City B
Factory 9,City C
Factory 9,City D
Factory 9,City D
Factory 9,City A
Factory 9,City E
Factory 9,City E
Factory 9,City E
Factory 9,City D
Factory 9,City B
Factory 9,City E
Factory 9,City B
Factory 9,City C
Factory 9,City A
Factory 9,City B
Factory 9,City B
Factory 9,City D
Factory 9,City A
Factory 9,City C
Factory 9,City D
Factory 9,City B
Factory 9,City A
Factory 9,City A
Factory 9,City D
Factory 9,City E
Factory 9,City B
Factory 9,City C
Factory 9,City B
Factory 9,City C
Factory 9,City E
Factory 9,City A
Factory 9,City A
Factory 9,City E
Factory 9,City A
Factory 9,City A
Factory 9,City E
Factory 9,City C
Factory 9,City E
Factory 9,City D
Factory 9,City B
Factory 9,City A
Factory 9,City C
Factory 9,City A
Factory 9,City E
Factory 9,City E
Factory 9,City A
Factory 9,City D
Factory 9,City D
Factory 9,City C
Factory 9,City D
Factory 9,City A
Factory 9,City C
Factory 9,City E
Factory 9,City E
Factory 9,City B
Factory 9,City B
Factory 9,City D
Factory 9,City B
Factory 9,City A
Factory 9,City D
Factory 9,City E
Factory 9,City E
Factory 9,City D
Factory 9,City A
Factory 9,City B
Factory 9,City D
Factory 9,City E
Factory 9,City E
Factory 9,City E
Factory 9,City C
Factory 9,City E
Factory 9,City D
Factory 9,City E
Factory 9,City A
Factory 9,City A
Factory 9,City D
Factory 9,City B
Factory 9,City D
Factory 9,City B
Factory 9,City B
Factory 9,City D
Factory 9,City E
Factory 9,City E
Factory 9,City D
Factory 9,City D
Factory 9,City E
Factory 9,City A
Factory 9,City E
Factory 9,City A
Factory 9,City D
Factory 9,City D
Factory 9,City D
Factory 9,City B
Factory 9,City E
Factory 9,City A
Factory 9,City E
Factory 9,City D
Factory 9,City C
Factory 9,City D
Factory 9,City E
Factory 9,City C
Factory 9,City D
Factory 9,City B
Factory 9,City B
Factory 9,City A
Factory 9,City C
Factory 9,City D
Factory 9,City A
Factory 9,City B
Factory 9,City A
Factory 9,City D
Factory 9,City B
Factory 9,City B
Factory 9,City E
Factory 9,City B
Factory 9,City E
Factory 9,City A
Factory 9,City B
Factory 9,City B
Factory 9,City C
Factory 9,City D
Factory 9,City C
Factory 9,City E
Factory 9,City B
Factory 10,City A
Factory 10,City E
Factory 10,City B
Factory 10,City E
Factory 10,City C
Factory 10,City D
Factory 10,City E
Factory 10,City A
Factory 10,City E
Factory 10,City E
Factory 10,City B
Factory 10,City D
Factory 10,City D
Factory 10,City D
Factory 10,City A
Factory 10,City D
Factory 10,City A
Factory 10,City D
Factory 10,City A
Factory 10,City B
Factory 10,City C
Factory 10,City B
Factory 10,City E
Factory 10,City D
Factory 10,City C
Factory 10,City B
Factory 10,City E
Factory 10,City A
Factory 10,City A
Factory 10,City B
Factory 10,City C
Factory 10,City B
Factory 10,City C
Factory 10,City D
Factory 10,City E
Factory 10,City C
Factory 10,City E
Factory 10,City C
Factory 10,City A
Factory 10,City D
Factory 10,City E
Factory 10,City C
Factory 10,City D
Factory 10,City A
Factory 10,City A
Factory 10,City A
Factory 10,City E
Factory 10,City E
Factory 10,City B
Factory 10,City B
Factory 10,City E
Factory 10,City E
Factory 10,City E
Factory 10,City A
Factory 10,City D
Factory 10,City C
Factory 10,City D
Factory 10,City E
Factory 10,City A
Factory 10,City B
Factory 10,City E
Factory 10,City D
Factory 10,City A
Factory 10,City C
Factory 10,City A
Factory 10,City E
Factory 10,City B
Factory 10,City A
Factory 10,City C
Factory 10,City A
Factory 10,City D
Factory 10,City A
Factory 10,City A
Factory 10,City D
Factory 10,City E
Factory 10,City D
Factory 10,City D
Factory 10,City B
Factory 10,City E
Factory 10,City A
Factory 10,City D
Factory 10,City C
Factory 10,City C
Factory 10,City A
Factory 10,City D
Factory 10,City B
Factory 10,City D
Factory 10,City B
Factory 10,City D
Factory 10,City C
Factory 10,City E
Factory 10,City D
Factory 10,City D
Factory 10,City C
Factory 10,City C
Factory 10,City C
Factory 10,City E
Factory 10,City B
Factory 10,City C
Factory 10,City D
Factory 10,City E
Factory 10,City E
Factory 10,City C
Factory 10,City A
Factory 10,City C
Factory 10,City D
Factory 10,City D
Factory 10,City D
Factory 10,City D
Factory 10,City A
Factory 10,City C
Factory 10,City B
Factory 10,City B
Factory 10,City D
Factory 10,City B
Factory 10,City A
Factory 10,City E
Factory 10,City C
Factory 10,City D
Factory 10,City B
Factory 10,City A
Factory 10,City A
Factory 10,City D
Factory 10,City C
Factory 10,City D
Factory 10,City A
Factory 10,City B
Factory 10,City E
Factory 10,City B
Factory 10,City C
Factory 10,City C
Factory 10,City E
Factory 10,City D
Factory 10,City A
Factory 10,City E
Factory 10,City B
Factory 10,City E
Factory 10,City C
Factory 10,City E
Factory 10,City D
Factory 10,City B
Factory 10,City D
Factory 10,City A
Factory 10,City B
Factory 10,City B
Factory 10,City C
Factory 10,City C
Factory 10,City D
Factory 10,City C
Factory 10,City C
Factory 10,City C
Factory 10,City C
Factory 10,City D
Factory 10,City B
Factory 10,City E
Factory 10,City E
Factory 10,City D
Factory 10,City D
Factory 10,City D
Factory 10,City A
Factory 10,City A
Factory 10,City C
Factory 10,City A
Factory 10,City C
Factory 10,City B
Factory 10,City A
Factory 10,City A
Factory 10,City C
Factory 10,City B
Factory 10,City C
Factory 10,City C
Factory 10,City A
Factory 10,City E
Factory 10,City B
Factory 10,City D
Factory 10,City B
Factory 10,City C
Factory 10,City A
Factory 10,City A
Factory 10,City D
Factory 10,City A
Factory 10,City A
Factory 10,City A
Factory 10,City E
Factory 10,City D
Factory 10,City B
Factory 10,City E
Factory 10,City B
Factory 10,City B
Factory 10,City C
Factory 10,City E
Factory 10,City E
Factory 10,City A
Factory 10,City A
Factory 10,City D
Factory 10,City D
Factory 10,City E
Factory 10,City D
Factory 10,City B
Factory 10,City D
Factory 10,City C
Factory 10,City D
Factory 10,City A
Factory 10,City D
Factory 10,City E
Factory 10,City C
Factory 10,City E
Factory 10,City C
Factory 10,City C
Factory 10,City E
Factory 10,City A
Factory 10,City B
Factory 10,City A
Factory 10,City E
Factory 10,City B
Factory 10,City A
Factory 10,City C
Factory 10,City A
Factory 10,City B
Factory 10,City E
Factory 10,City A
Factory 10,City D
Factory 10,City C
Factory 10,City B
Factory 10,City C
Factory 10,City C
Factory 10,City B
Factory 10,City D
Factory 10,City D
Factory 10,City C
Factory 10,City C
Factory 10,City D
Factory 10,City B
Factory 10,City B
Factory 10,City B
Factory 10,City A
Factory 10,City E
Factory 10,City D
Factory 10,City E
Factory 10,City E
Factory 10,City E
Factory 10,City C
Factory 10,City C
Factory 10,City B
Factory 10,City C
Factory 10,City D
Factory 10,City D
Factory 10,City E
Factory 10,City C
Factory 10,City D
Factory 10,City A
Factory 10,City A
Factory 10,City A
Factory 10,City B
Factory 10,City E
Factory 10,City B
Factory 10,City B
Factory 10,City E
Factory 10,City D
Factory 10,City E
Factory 10,City D
Factory 10,City B
Factory 10,City D
Factory 10,City C
Factory 10,City B
Factory 10,City C
Factory 10,City A
Factory 10,City C
Factory 10,City D
Factory 10,City C
Factory 10,City B
Factory 10,City B
Factory 10,City E
Factory 10,City B
Factory 10,City A
Factory 10,City D
Factory 10,City B
Factory 10,City C
Factory 10,City C
Factory 10,City C
Factory 10,City E
Factory 10,City B
Factory 10,City C
Factory 10,City D
Factory 10,City E
Factory 10,City B
Factory 10,City E
Factory 10,City C
Factory 10,City E
Factory 10,City E
Factory 10,City E
Factory 10,City B
Factory 10,City B
Factory 10,City C
Factory 10,City A
Factory 10,City B
Factory 10,City D
Factory 10,City C
Factory 10,City A
Factory 10,City A
Factory 10,City C
Factory 10,City E
Factory 10,City C
Factory 10,City B
Factory 10,City A
Factory 10,City B
Factory 10,City A
Factory 10,City B
Factory 10,City B
Factory 10,City E
Factory 10,City C
Factory 10,City A
Factory 10,City B
Factory 10,City D
Factory 10,City A
Factory 10,City E
Factory 10,City E
Factory 10,City D
Factory 10,City D
Factory 10,City C
Factory 10,City C
Factory 10,City E
Factory 10,City B
Factory 10,City A
Factory 10,City E
Factory 10,City C
Factory 10,City E
Factory 10,City A
Factory 10,City A
Factory 10,City E
Factory 10,City B
Factory 10,City D
Factory 10,City D
Factory 10,City E
Factory 10,City A
Factory 10,City D
Factory 10,City B
Factory 10,City B
Factory 10,City D
Factory 10,City E
Factory 10,City D
Factory 10,City C
Factory 10,City D
Factory 10,City B
Factory 10,City E
Factory 10,City E
Factory 10,City C
Factory 10,City B
Factory 10,City C
Factory 10,City C
Factory 10,City D
Factory 10,City C
Factory 10,City C
Factory 10,City E
Factory 10,City A
Factory 10,City B
Factory 10,City B
Factory 10,City C
Factory 10,City B
Factory 10,City C
Factory 10,City A
Factory 10,City D
Factory 10,City C
Factory 10,City D
Factory 10,City D
Factory 1,City A
Factory 2,City B
Factory 2,City B
Factory 4,City C
Factory 5,City B
Factory 6,City C
Factory 6,City A
Factory 8,City D
Factory 9,City C
Factory 10,City D
